{
    "configurations": [
        {
            "name": "Win32",
            "includePath": [
                "${workspaceFolder}/**",
                "D:/boost_lib/**",
                "D:/eigen_lib/**",
                "D:/Python_3_10/include**"
            ],
            "defines": [
                "_DEBUG",
                "UNICODE",
                "_UNICODE"
            ],
            "cStandard": "c99",
            "cppStandard": "c++17",
            "intelliSenseMode": "windows-gcc-x64",
            "compilerPath": "D:/mingw64/bin/g++.exe"
        }
    ],
    "version": 4
}
// 因为是给vscode看，所以不用写lib之类的文件位置，除非代码中显式的使用了